﻿SourceFile,SourceFileSha1,Reason
C:\Users\user1\AppData\Roaming\Microsoft\Windows\Recent\desktop.ini,DABC2F24F4A4E90053743166E5C4175DCF2B2D2D,Deduped
C:\Users\user1\AppData\Roaming\Microsoft\Windows\Recent\CustomDestinations\7e4dca80246863e3.customDestinations-ms,707C3647EEC303E0801EFDF2D4636B3D409F42B9,Deduped
C:\Users\user1\AppData\Roaming\Microsoft\Windows\Recent\CustomDestinations\f01b4d95cf55d32a.customDestinations-ms,9733D94607A3CBA277E567AF584510EDD9FEBF62,Deduped
C:\Windows\System32\SRU\SRUres00002.jrs,1ADC95BEBE9EEA8C112D40CD04AB7A8D75C4F961,Deduped
C:\Windows\System32\SRU\SRUtmp.log,1ADC95BEBE9EEA8C112D40CD04AB7A8D75C4F961,Deduped
C:\Users\user1\AppData\Local\Microsoft\Windows\Explorer\thumbcache_1280.db,B254D47F2B9769F13B033CAE2B0571D68D42E5EB,Deduped
C:\Users\user1\AppData\Local\Microsoft\Windows\Explorer\thumbcache_1920.db,F1EAAA628678441481309261FABC9D155C0DD6CB,Deduped
C:\Users\user1\AppData\Local\Microsoft\Windows\Explorer\thumbcache_2560.db,B7B82E72891E16D837A54F94960F9B3C83DC5552,Deduped
C:\Users\user1\AppData\Local\Microsoft\Windows\Explorer\thumbcache_768.db,82259C6CB5B1F31CC2079A083BC93C726BFC4FBF,Deduped
C:\Users\user1\AppData\Local\Microsoft\Windows\Explorer\thumbcache_custom_stream.db,D3E8D4AF812BBC4F4013C53C4FFAB992D1D714E3,Deduped
C:\Users\user1\AppData\Local\Microsoft\Windows\Explorer\thumbcache_exif.db,78E7DA8D08E8898E956521D3B1BABBF6524E1DCA,Deduped
C:\Users\user1\AppData\Local\Microsoft\Windows\Explorer\thumbcache_sr.db,930823EC80B85EDD22BAF555CAD21CDF48F066AA,Deduped
C:\Users\user1\AppData\Local\Microsoft\Windows\Explorer\thumbcache_wide.db,5696B34625F027EC01765FC2BE49EFCFD882BF8E,Deduped
C:\Users\user1\AppData\Local\Microsoft\Windows\Explorer\thumbcache_wide_alternate.db,A4DB9C8586B9E4FA24416EB0D00F06A9EBD16B02,Deduped
C:\Windows\System32\winevt\logs\Internet Explorer.evtx,C70BFFF0A559AF8CB76AD80A504DD55BD6CC484D,Deduped
C:\Windows\System32\winevt\logs\Key Management Service.evtx,C70BFFF0A559AF8CB76AD80A504DD55BD6CC484D,Deduped
C:\Windows\System32\winevt\logs\Microsoft-AppV-Client%4Admin.evtx,C70BFFF0A559AF8CB76AD80A504DD55BD6CC484D,Deduped
C:\Windows\System32\winevt\logs\Microsoft-AppV-Client%4Operational.evtx,C70BFFF0A559AF8CB76AD80A504DD55BD6CC484D,Deduped
C:\Windows\System32\winevt\logs\Microsoft-AppV-Client%4Virtual Applications.evtx,C70BFFF0A559AF8CB76AD80A504DD55BD6CC484D,Deduped
C:\Windows\System32\winevt\logs\Microsoft-User Experience Virtualization-Agent Driver%4Operational.evtx,C70BFFF0A559AF8CB76AD80A504DD55BD6CC484D,Deduped
C:\Windows\System32\winevt\logs\Microsoft-User Experience Virtualization-App Agent%4Operational.evtx,C70BFFF0A559AF8CB76AD80A504DD55BD6CC484D,Deduped
C:\Windows\System32\winevt\logs\Microsoft-User Experience Virtualization-IPC%4Operational.evtx,C70BFFF0A559AF8CB76AD80A504DD55BD6CC484D,Deduped
C:\Windows\System32\winevt\logs\Microsoft-User Experience Virtualization-SQM Uploader%4Operational.evtx,C70BFFF0A559AF8CB76AD80A504DD55BD6CC484D,Deduped
C:\Windows\System32\winevt\logs\Microsoft-Windows-All-User-Install-Agent%4Admin.evtx,C70BFFF0A559AF8CB76AD80A504DD55BD6CC484D,Deduped
C:\Windows\System32\winevt\logs\Microsoft-Windows-AllJoyn%4Operational.evtx,C70BFFF0A559AF8CB76AD80A504DD55BD6CC484D,Deduped
C:\Windows\System32\winevt\logs\Microsoft-Windows-AppHost%4Admin.evtx,C70BFFF0A559AF8CB76AD80A504DD55BD6CC484D,Deduped
C:\Windows\System32\winevt\logs\Microsoft-Windows-AppID%4Operational.evtx,C70BFFF0A559AF8CB76AD80A504DD55BD6CC484D,Deduped
C:\Windows\System32\winevt\logs\Microsoft-Windows-ApplicabilityEngine%4Operational.evtx,C70BFFF0A559AF8CB76AD80A504DD55BD6CC484D,Deduped
C:\Windows\System32\winevt\logs\Microsoft-Windows-Application Server-Applications%4Admin.evtx,C70BFFF0A559AF8CB76AD80A504DD55BD6CC484D,Deduped
C:\Windows\System32\winevt\logs\Microsoft-Windows-Application Server-Applications%4Operational.evtx,C70BFFF0A559AF8CB76AD80A504DD55BD6CC484D,Deduped
C:\Windows\System32\winevt\logs\Microsoft-Windows-Application-Experience%4Program-Compatibility-Troubleshooter.evtx,C70BFFF0A559AF8CB76AD80A504DD55BD6CC484D,Deduped
C:\Windows\System32\winevt\logs\Microsoft-Windows-Application-Experience%4Program-Inventory.evtx,C70BFFF0A559AF8CB76AD80A504DD55BD6CC484D,Deduped
C:\Windows\System32\winevt\logs\Microsoft-Windows-Application-Experience%4Steps-Recorder.evtx,C70BFFF0A559AF8CB76AD80A504DD55BD6CC484D,Deduped
C:\Windows\System32\winevt\logs\Microsoft-Windows-AppLocker%4EXE and DLL.evtx,C70BFFF0A559AF8CB76AD80A504DD55BD6CC484D,Deduped
C:\Windows\System32\winevt\logs\Microsoft-Windows-AppLocker%4MSI and Script.evtx,C70BFFF0A559AF8CB76AD80A504DD55BD6CC484D,Deduped
C:\Windows\System32\winevt\logs\Microsoft-Windows-AppLocker%4Packaged app-Deployment.evtx,C70BFFF0A559AF8CB76AD80A504DD55BD6CC484D,Deduped
C:\Windows\System32\winevt\logs\Microsoft-Windows-AppLocker%4Packaged app-Execution.evtx,C70BFFF0A559AF8CB76AD80A504DD55BD6CC484D,Deduped
C:\Windows\System32\winevt\logs\Microsoft-Windows-AppXDeploymentServer%4Restricted.evtx,C70BFFF0A559AF8CB76AD80A504DD55BD6CC484D,Deduped
C:\Windows\System32\winevt\logs\Microsoft-Windows-AssignedAccess%4Admin.evtx,C70BFFF0A559AF8CB76AD80A504DD55BD6CC484D,Deduped
C:\Windows\System32\winevt\logs\Microsoft-Windows-AssignedAccessBroker%4Admin.evtx,C70BFFF0A559AF8CB76AD80A504DD55BD6CC484D,Deduped
C:\Windows\System32\winevt\logs\Microsoft-Windows-Audio%4CaptureMonitor.evtx,C70BFFF0A559AF8CB76AD80A504DD55BD6CC484D,Deduped
C:\Windows\System32\winevt\logs\Microsoft-Windows-Audio%4PlaybackManager.evtx,C70BFFF0A559AF8CB76AD80A504DD55BD6CC484D,Deduped
C:\Windows\System32\winevt\logs\Microsoft-Windows-Backup.evtx,C70BFFF0A559AF8CB76AD80A504DD55BD6CC484D,Deduped
C:\Windows\System32\winevt\logs\Microsoft-Windows-BitLocker-DrivePreparationTool%4Admin.evtx,C70BFFF0A559AF8CB76AD80A504DD55BD6CC484D,Deduped
C:\Windows\System32\winevt\logs\Microsoft-Windows-BitLocker-DrivePreparationTool%4Operational.evtx,C70BFFF0A559AF8CB76AD80A504DD55BD6CC484D,Deduped
C:\Windows\System32\winevt\logs\Microsoft-Windows-Bluetooth-BthLEPrepairing%4Operational.evtx,C70BFFF0A559AF8CB76AD80A504DD55BD6CC484D,Deduped
C:\Windows\System32\winevt\logs\Microsoft-Windows-Bluetooth-MTPEnum%4Operational.evtx,C70BFFF0A559AF8CB76AD80A504DD55BD6CC484D,Deduped
C:\Windows\System32\winevt\logs\Microsoft-Windows-BranchCache%4Operational.evtx,C70BFFF0A559AF8CB76AD80A504DD55BD6CC484D,Deduped
C:\Windows\System32\winevt\logs\Microsoft-Windows-BranchCacheSMB%4Operational.evtx,C70BFFF0A559AF8CB76AD80A504DD55BD6CC484D,Deduped
C:\Windows\System32\winevt\logs\Microsoft-Windows-CertificateServicesClient-Lifecycle-System%4Operational.evtx,C70BFFF0A559AF8CB76AD80A504DD55BD6CC484D,Deduped
C:\Windows\System32\winevt\logs\Microsoft-Windows-CertificateServicesClient-Lifecycle-User%4Operational.evtx,C70BFFF0A559AF8CB76AD80A504DD55BD6CC484D,Deduped
C:\Windows\System32\winevt\logs\Microsoft-Windows-Cleanmgr%4Diagnostic.evtx,C70BFFF0A559AF8CB76AD80A504DD55BD6CC484D,Deduped
C:\Windows\System32\winevt\logs\Microsoft-Windows-Compat-Appraiser%4Operational.evtx,C70BFFF0A559AF8CB76AD80A504DD55BD6CC484D,Deduped
C:\Windows\System32\winevt\logs\Microsoft-Windows-Containers-Wcnfs%4Operational.evtx,C70BFFF0A559AF8CB76AD80A504DD55BD6CC484D,Deduped
C:\Windows\System32\winevt\logs\Microsoft-Windows-CoreApplication%4Operational.evtx,C70BFFF0A559AF8CB76AD80A504DD55BD6CC484D,Deduped
C:\Windows\System32\winevt\logs\Microsoft-Windows-CorruptedFileRecovery-Client%4Operational.evtx,C70BFFF0A559AF8CB76AD80A504DD55BD6CC484D,Deduped
C:\Windows\System32\winevt\logs\Microsoft-Windows-CorruptedFileRecovery-Server%4Operational.evtx,C70BFFF0A559AF8CB76AD80A504DD55BD6CC484D,Deduped
C:\Windows\System32\winevt\logs\Microsoft-Windows-Crypto-DPAPI%4BackUpKeySvc.evtx,C70BFFF0A559AF8CB76AD80A504DD55BD6CC484D,Deduped
C:\Windows\System32\winevt\logs\Microsoft-Windows-DAL-Provider%4Operational.evtx,C70BFFF0A559AF8CB76AD80A504DD55BD6CC484D,Deduped
C:\Windows\System32\winevt\logs\Microsoft-Windows-DataIntegrityScan%4Admin.evtx,C70BFFF0A559AF8CB76AD80A504DD55BD6CC484D,Deduped
C:\Windows\System32\winevt\logs\Microsoft-Windows-DataIntegrityScan%4CrashRecovery.evtx,C70BFFF0A559AF8CB76AD80A504DD55BD6CC484D,Deduped
C:\Windows\System32\winevt\logs\Microsoft-Windows-DateTimeControlPanel%4Operational.evtx,C70BFFF0A559AF8CB76AD80A504DD55BD6CC484D,Deduped
C:\Windows\System32\winevt\logs\Microsoft-Windows-Deduplication%4Diagnostic.evtx,C70BFFF0A559AF8CB76AD80A504DD55BD6CC484D,Deduped
C:\Windows\System32\winevt\logs\Microsoft-Windows-Deduplication%4Operational.evtx,C70BFFF0A559AF8CB76AD80A504DD55BD6CC484D,Deduped
C:\Windows\System32\winevt\logs\Microsoft-Windows-Deduplication%4Scrubbing.evtx,C70BFFF0A559AF8CB76AD80A504DD55BD6CC484D,Deduped
C:\Windows\System32\winevt\logs\Microsoft-Windows-DeviceGuard%4Operational.evtx,C70BFFF0A559AF8CB76AD80A504DD55BD6CC484D,Deduped
C:\Windows\System32\winevt\logs\Microsoft-Windows-Devices-Background%4Operational.evtx,C70BFFF0A559AF8CB76AD80A504DD55BD6CC484D,Deduped
C:\Windows\System32\winevt\logs\Microsoft-Windows-DeviceSync%4Operational.evtx,C70BFFF0A559AF8CB76AD80A504DD55BD6CC484D,Deduped
C:\Windows\System32\winevt\logs\Microsoft-Windows-DeviceUpdateAgent%4Operational.evtx,C70BFFF0A559AF8CB76AD80A504DD55BD6CC484D,Deduped
C:\Windows\System32\winevt\logs\Microsoft-Windows-Dhcpv6-Client%4Admin.evtx,C70BFFF0A559AF8CB76AD80A504DD55BD6CC484D,Deduped
C:\Windows\System32\winevt\logs\Microsoft-Windows-Diagnosis-PCW%4Operational.evtx,C70BFFF0A559AF8CB76AD80A504DD55BD6CC484D,Deduped
C:\Windows\System32\winevt\logs\Microsoft-Windows-Diagnosis-PLA%4Operational.evtx,C70BFFF0A559AF8CB76AD80A504DD55BD6CC484D,Deduped
C:\Windows\System32\winevt\logs\Microsoft-Windows-Diagnosis-ScriptedDiagnosticsProvider%4Operational.evtx,C70BFFF0A559AF8CB76AD80A504DD55BD6CC484D,Deduped
C:\Windows\System32\winevt\logs\Microsoft-Windows-DiskDiagnostic%4Operational.evtx,C70BFFF0A559AF8CB76AD80A504DD55BD6CC484D,Deduped
C:\Windows\System32\winevt\logs\Microsoft-Windows-DiskDiagnosticDataCollector%4Operational.evtx,C70BFFF0A559AF8CB76AD80A504DD55BD6CC484D,Deduped
C:\Windows\System32\winevt\logs\Microsoft-Windows-DiskDiagnosticResolver%4Operational.evtx,C70BFFF0A559AF8CB76AD80A504DD55BD6CC484D,Deduped
C:\Windows\System32\winevt\logs\Microsoft-Windows-DSC%4Admin.evtx,C70BFFF0A559AF8CB76AD80A504DD55BD6CC484D,Deduped
C:\Windows\System32\winevt\logs\Microsoft-Windows-DSC%4Operational.evtx,C70BFFF0A559AF8CB76AD80A504DD55BD6CC484D,Deduped
C:\Windows\System32\winevt\logs\Microsoft-Windows-DxgKrnl-Admin.evtx,C70BFFF0A559AF8CB76AD80A504DD55BD6CC484D,Deduped
C:\Windows\System32\winevt\logs\Microsoft-Windows-DxgKrnl-Operational.evtx,C70BFFF0A559AF8CB76AD80A504DD55BD6CC484D,Deduped
C:\Windows\System32\winevt\logs\Microsoft-Windows-EapHost%4Operational.evtx,C70BFFF0A559AF8CB76AD80A504DD55BD6CC484D,Deduped
C:\Windows\System32\winevt\logs\Microsoft-Windows-EapMethods-RasChap%4Operational.evtx,C70BFFF0A559AF8CB76AD80A504DD55BD6CC484D,Deduped
C:\Windows\System32\winevt\logs\Microsoft-Windows-EapMethods-RasTls%4Operational.evtx,C70BFFF0A559AF8CB76AD80A504DD55BD6CC484D,Deduped
C:\Windows\System32\winevt\logs\Microsoft-Windows-EapMethods-Sim%4Operational.evtx,C70BFFF0A559AF8CB76AD80A504DD55BD6CC484D,Deduped
C:\Windows\System32\winevt\logs\Microsoft-Windows-EapMethods-Ttls%4Operational.evtx,C70BFFF0A559AF8CB76AD80A504DD55BD6CC484D,Deduped
C:\Windows\System32\winevt\logs\Microsoft-Windows-EDP-Application-Learning%4Admin.evtx,C70BFFF0A559AF8CB76AD80A504DD55BD6CC484D,Deduped
C:\Windows\System32\winevt\logs\Microsoft-Windows-EDP-Audit-Regular%4Admin.evtx,C70BFFF0A559AF8CB76AD80A504DD55BD6CC484D,Deduped
C:\Windows\System32\winevt\logs\Microsoft-Windows-EDP-Audit-TCB%4Admin.evtx,C70BFFF0A559AF8CB76AD80A504DD55BD6CC484D,Deduped
C:\Windows\System32\winevt\logs\Microsoft-Windows-EventCollector%4Operational.evtx,C70BFFF0A559AF8CB76AD80A504DD55BD6CC484D,Deduped
C:\Windows\System32\winevt\logs\Microsoft-Windows-FeatureConfiguration%4Operational.evtx,C70BFFF0A559AF8CB76AD80A504DD55BD6CC484D,Deduped
C:\Windows\System32\winevt\logs\Microsoft-Windows-FileHistory-Core%4WHC.evtx,C70BFFF0A559AF8CB76AD80A504DD55BD6CC484D,Deduped
C:\Windows\System32\winevt\logs\Microsoft-Windows-FileHistory-Engine%4BackupLog.evtx,C70BFFF0A559AF8CB76AD80A504DD55BD6CC484D,Deduped
C:\Windows\System32\winevt\logs\Microsoft-Windows-FMS%4Operational.evtx,C70BFFF0A559AF8CB76AD80A504DD55BD6CC484D,Deduped
C:\Windows\System32\winevt\logs\Microsoft-Windows-Folder Redirection%4Operational.evtx,C70BFFF0A559AF8CB76AD80A504DD55BD6CC484D,Deduped
C:\Windows\System32\winevt\logs\Microsoft-Windows-Forwarding%4Operational.evtx,C70BFFF0A559AF8CB76AD80A504DD55BD6CC484D,Deduped
C:\Windows\System32\winevt\logs\Microsoft-Windows-GenericRoaming%4Admin.evtx,C70BFFF0A559AF8CB76AD80A504DD55BD6CC484D,Deduped
C:\Windows\System32\winevt\logs\Microsoft-Windows-Help%4Operational.evtx,C70BFFF0A559AF8CB76AD80A504DD55BD6CC484D,Deduped
C:\Windows\System32\winevt\logs\Microsoft-Windows-HomeGroup Control Panel%4Operational.evtx,C70BFFF0A559AF8CB76AD80A504DD55BD6CC484D,Deduped
C:\Windows\System32\winevt\logs\Microsoft-Windows-HomeGroup Listener Service%4Operational.evtx,C70BFFF0A559AF8CB76AD80A504DD55BD6CC484D,Deduped
C:\Windows\System32\winevt\logs\Microsoft-Windows-HomeGroup Provider Service%4Operational.evtx,C70BFFF0A559AF8CB76AD80A504DD55BD6CC484D,Deduped
C:\Windows\System32\winevt\logs\Microsoft-Windows-HotspotAuth%4Operational.evtx,C70BFFF0A559AF8CB76AD80A504DD55BD6CC484D,Deduped
C:\Windows\System32\winevt\logs\Microsoft-Windows-Hyper-V-Guest-Drivers%4Admin.evtx,C70BFFF0A559AF8CB76AD80A504DD55BD6CC484D,Deduped
C:\Windows\System32\winevt\logs\Microsoft-Windows-Hyper-V-Hypervisor-Admin.evtx,C70BFFF0A559AF8CB76AD80A504DD55BD6CC484D,Deduped
C:\Windows\System32\winevt\logs\Microsoft-Windows-Hyper-V-Hypervisor-Operational.evtx,C70BFFF0A559AF8CB76AD80A504DD55BD6CC484D,Deduped
C:\Windows\System32\winevt\logs\Microsoft-Windows-Hyper-V-VID-Admin.evtx,C70BFFF0A559AF8CB76AD80A504DD55BD6CC484D,Deduped
C:\Windows\System32\winevt\logs\Microsoft-Windows-IdCtrls%4Operational.evtx,C70BFFF0A559AF8CB76AD80A504DD55BD6CC484D,Deduped
C:\Windows\System32\winevt\logs\Microsoft-Windows-IKE%4Operational.evtx,C70BFFF0A559AF8CB76AD80A504DD55BD6CC484D,Deduped
C:\Windows\System32\winevt\logs\Microsoft-Windows-International-RegionalOptionsControlPanel%4Operational.evtx,C70BFFF0A559AF8CB76AD80A504DD55BD6CC484D,Deduped
C:\Windows\System32\winevt\logs\Microsoft-Windows-Iphlpsvc%4Operational.evtx,C70BFFF0A559AF8CB76AD80A504DD55BD6CC484D,Deduped
C:\Windows\System32\winevt\logs\Microsoft-Windows-IPxlatCfg%4Operational.evtx,C70BFFF0A559AF8CB76AD80A504DD55BD6CC484D,Deduped
C:\Windows\System32\winevt\logs\Microsoft-Windows-KdsSvc%4Operational.evtx,C70BFFF0A559AF8CB76AD80A504DD55BD6CC484D,Deduped
C:\Windows\System32\winevt\logs\Microsoft-Windows-Kernel-ApphelpCache%4Operational.evtx,C70BFFF0A559AF8CB76AD80A504DD55BD6CC484D,Deduped
C:\Windows\System32\winevt\logs\Microsoft-Windows-Kernel-IO%4Operational.evtx,C70BFFF0A559AF8CB76AD80A504DD55BD6CC484D,Deduped
C:\Windows\System32\winevt\logs\Microsoft-Windows-Kernel-LiveDump%4Operational.evtx,C70BFFF0A559AF8CB76AD80A504DD55BD6CC484D,Deduped
C:\Windows\System32\winevt\logs\Microsoft-Windows-Kernel-PnP%4Driver Watchdog.evtx,C70BFFF0A559AF8CB76AD80A504DD55BD6CC484D,Deduped
C:\Windows\System32\winevt\logs\Microsoft-Windows-Kernel-Power%4Thermal-Operational.evtx,C70BFFF0A559AF8CB76AD80A504DD55BD6CC484D,Deduped
C:\Windows\System32\winevt\logs\Microsoft-Windows-Kernel-StoreMgr%4Operational.evtx,C70BFFF0A559AF8CB76AD80A504DD55BD6CC484D,Deduped
C:\Windows\System32\winevt\logs\Microsoft-Windows-Kernel-WDI%4Operational.evtx,C70BFFF0A559AF8CB76AD80A504DD55BD6CC484D,Deduped
C:\Windows\System32\winevt\logs\Microsoft-Windows-Kernel-WHEA%4Errors.evtx,C70BFFF0A559AF8CB76AD80A504DD55BD6CC484D,Deduped
C:\Windows\System32\winevt\logs\Microsoft-Windows-KeyboardFilter%4Admin.evtx,C70BFFF0A559AF8CB76AD80A504DD55BD6CC484D,Deduped
C:\Windows\System32\winevt\logs\Microsoft-Windows-MemoryDiagnostics-Results%4Debug.evtx,C70BFFF0A559AF8CB76AD80A504DD55BD6CC484D,Deduped
C:\Windows\System32\winevt\logs\Microsoft-Windows-Mobile-Broadband-Experience-Parser-Task%4Operational.evtx,C70BFFF0A559AF8CB76AD80A504DD55BD6CC484D,Deduped
C:\Windows\System32\winevt\logs\Microsoft-Windows-ModernDeployment-Diagnostics-Provider%4Admin.evtx,C70BFFF0A559AF8CB76AD80A504DD55BD6CC484D,Deduped
C:\Windows\System32\winevt\logs\Microsoft-Windows-Mprddm%4Operational.evtx,C70BFFF0A559AF8CB76AD80A504DD55BD6CC484D,Deduped
C:\Windows\System32\winevt\logs\Microsoft-Windows-MUI%4Admin.evtx,C70BFFF0A559AF8CB76AD80A504DD55BD6CC484D,Deduped
C:\Windows\System32\winevt\logs\Microsoft-Windows-NdisImPlatform%4Operational.evtx,C70BFFF0A559AF8CB76AD80A504DD55BD6CC484D,Deduped
C:\Windows\System32\winevt\logs\Microsoft-Windows-NetworkLocationWizard%4Operational.evtx,C70BFFF0A559AF8CB76AD80A504DD55BD6CC484D,Deduped
C:\Windows\System32\winevt\logs\Microsoft-Windows-NetworkProvider%4Operational.evtx,C70BFFF0A559AF8CB76AD80A504DD55BD6CC484D,Deduped
C:\Windows\System32\winevt\logs\Microsoft-Windows-NetworkProvisioning%4Operational.evtx,C70BFFF0A559AF8CB76AD80A504DD55BD6CC484D,Deduped
C:\Windows\System32\winevt\logs\Microsoft-Windows-NTLM%4Operational.evtx,C70BFFF0A559AF8CB76AD80A504DD55BD6CC484D,Deduped
C:\Windows\System32\winevt\logs\Microsoft-Windows-OfflineFiles%4Operational.evtx,C70BFFF0A559AF8CB76AD80A504DD55BD6CC484D,Deduped
C:\Windows\System32\winevt\logs\Microsoft-Windows-OneBackup%4Debug.evtx,C70BFFF0A559AF8CB76AD80A504DD55BD6CC484D,Deduped
C:\Windows\System32\winevt\logs\Microsoft-Windows-OOBE-Machine-DUI%4Operational.evtx,C70BFFF0A559AF8CB76AD80A504DD55BD6CC484D,Deduped
C:\Windows\System32\winevt\logs\Microsoft-Windows-PackageStateRoaming%4Operational.evtx,C70BFFF0A559AF8CB76AD80A504DD55BD6CC484D,Deduped
C:\Windows\System32\winevt\logs\Microsoft-Windows-ParentalControls%4Operational.evtx,C70BFFF0A559AF8CB76AD80A504DD55BD6CC484D,Deduped
C:\Windows\System32\winevt\logs\Microsoft-Windows-PerceptionRuntime%4Operational.evtx,C70BFFF0A559AF8CB76AD80A504DD55BD6CC484D,Deduped
C:\Windows\System32\winevt\logs\Microsoft-Windows-PerceptionSensorDataService%4Operational.evtx,C70BFFF0A559AF8CB76AD80A504DD55BD6CC484D,Deduped
C:\Windows\System32\winevt\logs\Microsoft-Windows-PersistentMemory-Nvdimm%4Operational.evtx,C70BFFF0A559AF8CB76AD80A504DD55BD6CC484D,Deduped
C:\Windows\System32\winevt\logs\Microsoft-Windows-PersistentMemory-PmemDisk%4Operational.evtx,C70BFFF0A559AF8CB76AD80A504DD55BD6CC484D,Deduped
C:\Windows\System32\winevt\logs\Microsoft-Windows-PersistentMemory-ScmBus%4Certification.evtx,C70BFFF0A559AF8CB76AD80A504DD55BD6CC484D,Deduped
C:\Windows\System32\winevt\logs\Microsoft-Windows-PersistentMemory-ScmBus%4Operational.evtx,C70BFFF0A559AF8CB76AD80A504DD55BD6CC484D,Deduped
C:\Windows\System32\winevt\logs\Microsoft-Windows-Policy%4Operational.evtx,C70BFFF0A559AF8CB76AD80A504DD55BD6CC484D,Deduped
C:\Windows\System32\winevt\logs\Microsoft-Windows-PowerShell%4Admin.evtx,C70BFFF0A559AF8CB76AD80A504DD55BD6CC484D,Deduped
C:\Windows\System32\winevt\logs\Microsoft-Windows-PowerShell-DesiredStateConfiguration-FileDownloadManager%4Operational.evtx,C70BFFF0A559AF8CB76AD80A504DD55BD6CC484D,Deduped
C:\Windows\System32\winevt\logs\Microsoft-Windows-PrintBRM%4Admin.evtx,C70BFFF0A559AF8CB76AD80A504DD55BD6CC484D,Deduped
C:\Windows\System32\winevt\logs\Microsoft-Windows-PrintService%4Admin.evtx,C70BFFF0A559AF8CB76AD80A504DD55BD6CC484D,Deduped
C:\Windows\System32\winevt\logs\Microsoft-Windows-Program-Compatibility-Assistant%4CompatAfterUpgrade.evtx,C70BFFF0A559AF8CB76AD80A504DD55BD6CC484D,Deduped
C:\Windows\System32\winevt\logs\Microsoft-Windows-Provisioning-Diagnostics-Provider%4AutoPilot.evtx,C70BFFF0A559AF8CB76AD80A504DD55BD6CC484D,Deduped
C:\Windows\System32\winevt\logs\Microsoft-Windows-Provisioning-Diagnostics-Provider%4ManagementService.evtx,C70BFFF0A559AF8CB76AD80A504DD55BD6CC484D,Deduped
C:\Windows\System32\winevt\logs\Microsoft-Windows-PushNotification-Platform%4Admin.evtx,C70BFFF0A559AF8CB76AD80A504DD55BD6CC484D,Deduped
C:\Windows\System32\winevt\logs\Microsoft-Windows-ReadyBoostDriver%4Operational.evtx,C70BFFF0A559AF8CB76AD80A504DD55BD6CC484D,Deduped
C:\Windows\System32\winevt\logs\Microsoft-Windows-ReFS%4Operational.evtx,C70BFFF0A559AF8CB76AD80A504DD55BD6CC484D,Deduped
C:\Windows\System32\winevt\logs\Microsoft-Windows-Regsvr32%4Operational.evtx,C70BFFF0A559AF8CB76AD80A504DD55BD6CC484D,Deduped
C:\Windows\System32\winevt\logs\Microsoft-Windows-RemoteApp and Desktop Connections%4Admin.evtx,C70BFFF0A559AF8CB76AD80A504DD55BD6CC484D,Deduped
C:\Windows\System32\winevt\logs\Microsoft-Windows-RemoteApp and Desktop Connections%4Operational.evtx,C70BFFF0A559AF8CB76AD80A504DD55BD6CC484D,Deduped
C:\Windows\System32\winevt\logs\Microsoft-Windows-RemoteAssistance%4Admin.evtx,C70BFFF0A559AF8CB76AD80A504DD55BD6CC484D,Deduped
C:\Windows\System32\winevt\logs\Microsoft-Windows-RemoteDesktopServices-RdpCoreTS%4Admin.evtx,C70BFFF0A559AF8CB76AD80A504DD55BD6CC484D,Deduped
C:\Windows\System32\winevt\logs\Microsoft-Windows-RemoteDesktopServices-RdpCoreTS%4Operational.evtx,C70BFFF0A559AF8CB76AD80A504DD55BD6CC484D,Deduped
C:\Windows\System32\winevt\logs\Microsoft-Windows-RemoteDesktopServices-RemoteFX-Synth3dvsc%4Admin.evtx,C70BFFF0A559AF8CB76AD80A504DD55BD6CC484D,Deduped
C:\Windows\System32\winevt\logs\Microsoft-Windows-RemoteDesktopServices-SessionServices%4Operational.evtx,C70BFFF0A559AF8CB76AD80A504DD55BD6CC484D,Deduped
C:\Windows\System32\winevt\logs\Microsoft-Windows-Resource-Exhaustion-Resolver%4Operational.evtx,C70BFFF0A559AF8CB76AD80A504DD55BD6CC484D,Deduped
C:\Windows\System32\winevt\logs\Microsoft-Windows-RestartManager%4Operational.evtx,C70BFFF0A559AF8CB76AD80A504DD55BD6CC484D,Deduped
C:\Windows\System32\winevt\logs\Microsoft-Windows-RetailDemo%4Admin.evtx,C70BFFF0A559AF8CB76AD80A504DD55BD6CC484D,Deduped
C:\Windows\System32\winevt\logs\Microsoft-Windows-RetailDemo%4Operational.evtx,C70BFFF0A559AF8CB76AD80A504DD55BD6CC484D,Deduped
C:\Windows\System32\winevt\logs\Microsoft-Windows-SearchUI%4Operational.evtx,C70BFFF0A559AF8CB76AD80A504DD55BD6CC484D,Deduped
C:\Windows\System32\winevt\logs\Microsoft-Windows-Security-Adminless%4Operational.evtx,C70BFFF0A559AF8CB76AD80A504DD55BD6CC484D,Deduped
C:\Windows\System32\winevt\logs\Microsoft-Windows-Security-Audit-Configuration-Client%4Operational.evtx,C70BFFF0A559AF8CB76AD80A504DD55BD6CC484D,Deduped
C:\Windows\System32\winevt\logs\Microsoft-Windows-Security-EnterpriseData-FileRevocationManager%4Operational.evtx,C70BFFF0A559AF8CB76AD80A504DD55BD6CC484D,Deduped
C:\Windows\System32\winevt\logs\Microsoft-Windows-Security-LessPrivilegedAppContainer%4Operational.evtx,C70BFFF0A559AF8CB76AD80A504DD55BD6CC484D,Deduped
C:\Windows\System32\winevt\logs\Microsoft-Windows-Security-Mitigations%4UserMode.evtx,C70BFFF0A559AF8CB76AD80A504DD55BD6CC484D,Deduped
C:\Windows\System32\winevt\logs\Microsoft-Windows-Security-Netlogon%4Operational.evtx,C70BFFF0A559AF8CB76AD80A504DD55BD6CC484D,Deduped
C:\Windows\System32\winevt\logs\Microsoft-Windows-Security-SPP-UX-GenuineCenter-Logging%4Operational.evtx,C70BFFF0A559AF8CB76AD80A504DD55BD6CC484D,Deduped
C:\Windows\System32\winevt\logs\Microsoft-Windows-Security-UserConsentVerifier%4Audit.evtx,C70BFFF0A559AF8CB76AD80A504DD55BD6CC484D,Deduped
C:\Windows\System32\winevt\logs\Microsoft-Windows-SecurityMitigationsBroker%4Operational.evtx,C70BFFF0A559AF8CB76AD80A504DD55BD6CC484D,Deduped
C:\Windows\System32\winevt\logs\Microsoft-Windows-SENSE%4Operational.evtx,C70BFFF0A559AF8CB76AD80A504DD55BD6CC484D,Deduped
C:\Windows\System32\winevt\logs\Microsoft-Windows-SenseIR%4Operational.evtx,C70BFFF0A559AF8CB76AD80A504DD55BD6CC484D,Deduped
C:\Windows\System32\winevt\logs\Microsoft-Windows-SettingSync-Azure%4Debug.evtx,C70BFFF0A559AF8CB76AD80A504DD55BD6CC484D,Deduped
C:\Windows\System32\winevt\logs\Microsoft-Windows-SettingSync-Azure%4Operational.evtx,C70BFFF0A559AF8CB76AD80A504DD55BD6CC484D,Deduped
C:\Windows\System32\winevt\logs\Microsoft-Windows-SettingSync-OneDrive%4Debug.evtx,C70BFFF0A559AF8CB76AD80A504DD55BD6CC484D,Deduped
C:\Windows\System32\winevt\logs\Microsoft-Windows-SettingSync-OneDrive%4Operational.evtx,C70BFFF0A559AF8CB76AD80A504DD55BD6CC484D,Deduped
C:\Windows\System32\winevt\logs\Microsoft-Windows-Shell-ConnectedAccountState%4ActionCenter.evtx,C70BFFF0A559AF8CB76AD80A504DD55BD6CC484D,Deduped
C:\Windows\System32\winevt\logs\Microsoft-Windows-Shell-Core%4ActionCenter.evtx,C70BFFF0A559AF8CB76AD80A504DD55BD6CC484D,Deduped
C:\Windows\System32\winevt\logs\Microsoft-Windows-Shell-Core%4LogonTasksChannel.evtx,C70BFFF0A559AF8CB76AD80A504DD55BD6CC484D,Deduped
C:\Windows\System32\winevt\logs\Microsoft-Windows-SmartCard-Audit%4Authentication.evtx,C70BFFF0A559AF8CB76AD80A504DD55BD6CC484D,Deduped
C:\Windows\System32\winevt\logs\Microsoft-Windows-SmartCard-DeviceEnum%4Operational.evtx,C70BFFF0A559AF8CB76AD80A504DD55BD6CC484D,Deduped
C:\Windows\System32\winevt\logs\Microsoft-Windows-SmartCard-TPM-VCard-Module%4Admin.evtx,C70BFFF0A559AF8CB76AD80A504DD55BD6CC484D,Deduped
C:\Windows\System32\winevt\logs\Microsoft-Windows-SmartCard-TPM-VCard-Module%4Operational.evtx,C70BFFF0A559AF8CB76AD80A504DD55BD6CC484D,Deduped
C:\Windows\System32\winevt\logs\Microsoft-Windows-SmbClient%4Audit.evtx,C70BFFF0A559AF8CB76AD80A504DD55BD6CC484D,Deduped
C:\Windows\System32\winevt\logs\Microsoft-Windows-SMBClient%4Operational.evtx,C70BFFF0A559AF8CB76AD80A504DD55BD6CC484D,Deduped
C:\Windows\System32\winevt\logs\Microsoft-Windows-SmbClient%4Security.evtx,C70BFFF0A559AF8CB76AD80A504DD55BD6CC484D,Deduped
C:\Windows\System32\winevt\logs\Microsoft-Windows-SMBDirect%4Admin.evtx,C70BFFF0A559AF8CB76AD80A504DD55BD6CC484D,Deduped
C:\Windows\System32\winevt\logs\Microsoft-Windows-SMBServer%4Audit.evtx,C70BFFF0A559AF8CB76AD80A504DD55BD6CC484D,Deduped
C:\Windows\System32\winevt\logs\Microsoft-Windows-SMBServer%4Security.evtx,C70BFFF0A559AF8CB76AD80A504DD55BD6CC484D,Deduped
C:\Windows\System32\winevt\logs\Microsoft-Windows-SMBWitnessClient%4Admin.evtx,C70BFFF0A559AF8CB76AD80A504DD55BD6CC484D,Deduped
C:\Windows\System32\winevt\logs\Microsoft-Windows-SMBWitnessClient%4Informational.evtx,C70BFFF0A559AF8CB76AD80A504DD55BD6CC484D,Deduped
C:\Windows\System32\winevt\logs\Microsoft-Windows-StateRepository%4Restricted.evtx,C70BFFF0A559AF8CB76AD80A504DD55BD6CC484D,Deduped
C:\Windows\System32\winevt\logs\Microsoft-Windows-Storage-ClassPnP%4Operational.evtx,C70BFFF0A559AF8CB76AD80A504DD55BD6CC484D,Deduped
C:\Windows\System32\winevt\logs\Microsoft-Windows-Storage-Tiering%4Admin.evtx,C70BFFF0A559AF8CB76AD80A504DD55BD6CC484D,Deduped
C:\Windows\System32\winevt\logs\Microsoft-Windows-StorageManagement%4Operational.evtx,C70BFFF0A559AF8CB76AD80A504DD55BD6CC484D,Deduped
C:\Windows\System32\winevt\logs\Microsoft-Windows-StorageSettings%4Diagnostic.evtx,C70BFFF0A559AF8CB76AD80A504DD55BD6CC484D,Deduped
C:\Windows\System32\winevt\logs\Microsoft-Windows-StorageSpaces-Driver%4Diagnostic.evtx,C70BFFF0A559AF8CB76AD80A504DD55BD6CC484D,Deduped
C:\Windows\System32\winevt\logs\Microsoft-Windows-StorageSpaces-ManagementAgent%4WHC.evtx,C70BFFF0A559AF8CB76AD80A504DD55BD6CC484D,Deduped
C:\Windows\System32\winevt\logs\Microsoft-Windows-StorageSpaces-SpaceManager%4Diagnostic.evtx,C70BFFF0A559AF8CB76AD80A504DD55BD6CC484D,Deduped
C:\Windows\System32\winevt\logs\Microsoft-Windows-StorageSpaces-SpaceManager%4Operational.evtx,C70BFFF0A559AF8CB76AD80A504DD55BD6CC484D,Deduped
C:\Windows\System32\winevt\logs\Microsoft-Windows-SystemSettingsThreshold%4Operational.evtx,C70BFFF0A559AF8CB76AD80A504DD55BD6CC484D,Deduped
C:\Windows\System32\winevt\logs\Microsoft-Windows-TCPIP%4Operational.evtx,C70BFFF0A559AF8CB76AD80A504DD55BD6CC484D,Deduped
C:\Windows\System32\winevt\logs\Microsoft-Windows-TerminalServices-ClientUSBDevices%4Admin.evtx,C70BFFF0A559AF8CB76AD80A504DD55BD6CC484D,Deduped
C:\Windows\System32\winevt\logs\Microsoft-Windows-TerminalServices-ClientUSBDevices%4Operational.evtx,C70BFFF0A559AF8CB76AD80A504DD55BD6CC484D,Deduped
C:\Windows\System32\winevt\logs\Microsoft-Windows-TerminalServices-LocalSessionManager%4Admin.evtx,C70BFFF0A559AF8CB76AD80A504DD55BD6CC484D,Deduped
C:\Windows\System32\winevt\logs\Microsoft-Windows-TerminalServices-PnPDevices%4Admin.evtx,C70BFFF0A559AF8CB76AD80A504DD55BD6CC484D,Deduped
C:\Windows\System32\winevt\logs\Microsoft-Windows-TerminalServices-PnPDevices%4Operational.evtx,C70BFFF0A559AF8CB76AD80A504DD55BD6CC484D,Deduped
C:\Windows\System32\winevt\logs\Microsoft-Windows-TerminalServices-Printers%4Admin.evtx,C70BFFF0A559AF8CB76AD80A504DD55BD6CC484D,Deduped
C:\Windows\System32\winevt\logs\Microsoft-Windows-TerminalServices-Printers%4Operational.evtx,C70BFFF0A559AF8CB76AD80A504DD55BD6CC484D,Deduped
C:\Windows\System32\winevt\logs\Microsoft-Windows-TerminalServices-RemoteConnectionManager%4Admin.evtx,C70BFFF0A559AF8CB76AD80A504DD55BD6CC484D,Deduped
C:\Windows\System32\winevt\logs\Microsoft-Windows-TerminalServices-RemoteConnectionManager%4Operational.evtx,C70BFFF0A559AF8CB76AD80A504DD55BD6CC484D,Deduped
C:\Windows\System32\winevt\logs\Microsoft-Windows-TerminalServices-ServerUSBDevices%4Admin.evtx,C70BFFF0A559AF8CB76AD80A504DD55BD6CC484D,Deduped
C:\Windows\System32\winevt\logs\Microsoft-Windows-TerminalServices-ServerUSBDevices%4Operational.evtx,C70BFFF0A559AF8CB76AD80A504DD55BD6CC484D,Deduped
C:\Windows\System32\winevt\logs\Microsoft-Windows-Time-Service-PTP-Provider%4PTP-Operational.evtx,C70BFFF0A559AF8CB76AD80A504DD55BD6CC484D,Deduped
C:\Windows\System32\winevt\logs\Microsoft-Windows-Troubleshooting-Recommended%4Admin.evtx,C70BFFF0A559AF8CB76AD80A504DD55BD6CC484D,Deduped
C:\Windows\System32\winevt\logs\Microsoft-Windows-Troubleshooting-Recommended%4Operational.evtx,C70BFFF0A559AF8CB76AD80A504DD55BD6CC484D,Deduped
C:\Windows\System32\winevt\logs\Microsoft-Windows-TZSync%4Operational.evtx,C70BFFF0A559AF8CB76AD80A504DD55BD6CC484D,Deduped
C:\Windows\System32\winevt\logs\Microsoft-Windows-TZUtil%4Operational.evtx,C70BFFF0A559AF8CB76AD80A504DD55BD6CC484D,Deduped
C:\Windows\System32\winevt\logs\Microsoft-Windows-UAC-FileVirtualization%4Operational.evtx,C70BFFF0A559AF8CB76AD80A504DD55BD6CC484D,Deduped
C:\Windows\System32\winevt\logs\Microsoft-Windows-User Control Panel%4Operational.evtx,C70BFFF0A559AF8CB76AD80A504DD55BD6CC484D,Deduped
C:\Windows\System32\winevt\logs\Microsoft-Windows-User-Loader%4Operational.evtx,C70BFFF0A559AF8CB76AD80A504DD55BD6CC484D,Deduped
C:\Windows\System32\winevt\logs\Microsoft-Windows-UserPnp%4ActionCenter.evtx,C70BFFF0A559AF8CB76AD80A504DD55BD6CC484D,Deduped
C:\Windows\System32\winevt\logs\Microsoft-Windows-VDRVROOT%4Operational.evtx,C70BFFF0A559AF8CB76AD80A504DD55BD6CC484D,Deduped
C:\Windows\System32\winevt\logs\Microsoft-Windows-VerifyHardwareSecurity%4Admin.evtx,C70BFFF0A559AF8CB76AD80A504DD55BD6CC484D,Deduped
C:\Windows\System32\winevt\logs\Microsoft-Windows-VHDMP-Operational.evtx,C70BFFF0A559AF8CB76AD80A504DD55BD6CC484D,Deduped
C:\Windows\System32\winevt\logs\Microsoft-Windows-Volume%4Diagnostic.evtx,C70BFFF0A559AF8CB76AD80A504DD55BD6CC484D,Deduped
C:\Windows\System32\winevt\logs\Microsoft-Windows-VPN%4Operational.evtx,C70BFFF0A559AF8CB76AD80A504DD55BD6CC484D,Deduped
C:\Windows\System32\winevt\logs\Microsoft-Windows-VPN-Client%4Operational.evtx,C70BFFF0A559AF8CB76AD80A504DD55BD6CC484D,Deduped
C:\Windows\System32\winevt\logs\Microsoft-Windows-WDAG-PolicyEvaluator-CSP%4Operational.evtx,C70BFFF0A559AF8CB76AD80A504DD55BD6CC484D,Deduped
C:\Windows\System32\winevt\logs\Microsoft-Windows-WDAG-PolicyEvaluator-GP%4Operational.evtx,C70BFFF0A559AF8CB76AD80A504DD55BD6CC484D,Deduped
C:\Windows\System32\winevt\logs\Microsoft-Windows-WFP%4Operational.evtx,C70BFFF0A559AF8CB76AD80A504DD55BD6CC484D,Deduped
C:\Windows\System32\winevt\logs\Microsoft-Windows-Win32k%4Operational.evtx,C70BFFF0A559AF8CB76AD80A504DD55BD6CC484D,Deduped
C:\Windows\System32\winevt\logs\Microsoft-Windows-Windows Defender%4WHC.evtx,C70BFFF0A559AF8CB76AD80A504DD55BD6CC484D,Deduped
C:\Windows\System32\winevt\logs\Microsoft-Windows-Windows Firewall With Advanced Security%4ConnectionSecurity.evtx,C70BFFF0A559AF8CB76AD80A504DD55BD6CC484D,Deduped
C:\Windows\System32\winevt\logs\Microsoft-Windows-Windows Firewall With Advanced Security%4FirewallDiagnostics.evtx,C70BFFF0A559AF8CB76AD80A504DD55BD6CC484D,Deduped
C:\Windows\System32\winevt\logs\Microsoft-Windows-WindowsSystemAssessmentTool%4Operational.evtx,C70BFFF0A559AF8CB76AD80A504DD55BD6CC484D,Deduped
C:\Windows\System32\winevt\logs\Microsoft-Windows-Winsock-WS2HELP%4Operational.evtx,C70BFFF0A559AF8CB76AD80A504DD55BD6CC484D,Deduped
C:\Windows\System32\winevt\logs\Microsoft-Windows-Wired-AutoConfig%4Operational.evtx,C70BFFF0A559AF8CB76AD80A504DD55BD6CC484D,Deduped
C:\Windows\System32\winevt\logs\Microsoft-Windows-WLAN-AutoConfig%4Operational.evtx,C70BFFF0A559AF8CB76AD80A504DD55BD6CC484D,Deduped
C:\Windows\System32\winevt\logs\Microsoft-Windows-WMPNSS-Service%4Operational.evtx,C70BFFF0A559AF8CB76AD80A504DD55BD6CC484D,Deduped
C:\Windows\System32\winevt\logs\Microsoft-Windows-WorkFolders%4Operational.evtx,C70BFFF0A559AF8CB76AD80A504DD55BD6CC484D,Deduped
C:\Windows\System32\winevt\logs\Microsoft-Windows-WorkFolders%4WHC.evtx,C70BFFF0A559AF8CB76AD80A504DD55BD6CC484D,Deduped
C:\Windows\System32\winevt\logs\Microsoft-Windows-Workplace Join%4Admin.evtx,C70BFFF0A559AF8CB76AD80A504DD55BD6CC484D,Deduped
C:\Windows\System32\winevt\logs\Microsoft-Windows-WPD-ClassInstaller%4Operational.evtx,C70BFFF0A559AF8CB76AD80A504DD55BD6CC484D,Deduped
C:\Windows\System32\winevt\logs\Microsoft-Windows-WPD-CompositeClassDriver%4Operational.evtx,C70BFFF0A559AF8CB76AD80A504DD55BD6CC484D,Deduped
C:\Windows\System32\winevt\logs\Microsoft-Windows-WPD-MTPClassDriver%4Operational.evtx,C70BFFF0A559AF8CB76AD80A504DD55BD6CC484D,Deduped
C:\Windows\System32\winevt\logs\Microsoft-Windows-WWAN-SVC-Events%4Operational.evtx,C70BFFF0A559AF8CB76AD80A504DD55BD6CC484D,Deduped
C:\Windows\System32\winevt\logs\Microsoft-WindowsPhone-Connectivity-WiFiConnSvc-Channel.evtx,C70BFFF0A559AF8CB76AD80A504DD55BD6CC484D,Deduped
C:\Windows\System32\winevt\logs\OpenSSH%4Admin.evtx,C70BFFF0A559AF8CB76AD80A504DD55BD6CC484D,Deduped
C:\Windows\System32\winevt\logs\OpenSSH%4Operational.evtx,C70BFFF0A559AF8CB76AD80A504DD55BD6CC484D,Deduped
C:\Windows\System32\winevt\logs\SMSApi.evtx,C70BFFF0A559AF8CB76AD80A504DD55BD6CC484D,Deduped
C:\Windows\System32\config\SECURITY.LOG2,DA39A3EE5E6B4B0D3255BFEF95601890AFD80709,Deduped
C:\Users\John\ntuser.dat.LOG2,DA39A3EE5E6B4B0D3255BFEF95601890AFD80709,Deduped
C:\Users\user1\AppData\Local\Microsoft\Windows\Explorer\thumbcache_16.db,D8AC4A7F2C8A66CDD1A2872F4A29C2F5D497FEB5,Deduped
